,Height,Weight,Age,Grip Strength,Frailty
0,65.8,50.80234544,30,30,0
1,71.5,61.68856232,19,31,0
2,69.4,69.39963261,45,29,0
3,68.2,64.41011654,22,28,1
4,67.8,65.31730128000001,29,24,1
5,68.7,55.791861510000004,50,26,0
6,69.8,63.95652417,51,22,1
7,70.1,61.68856232,23,20,1
8,67.9,50.80234544,17,19,0
9,66.8,54.4310844,39,31,0
